Abacavir,Perhexiline
Abemaciclib,Eflornithine
Abiraterone,Chloroprocaine
Acarbose,Azelastine
Acebutolol,Efonidipine
Aceclofenac,Cinoxacin
Acemetacin,Sulfapyridine
Acenocoumarol,Altretamine
Acepromazine,Pyrimethamine
Aceprometazine,Crisaborole
Acetaminophen,Salicylamide
Acetazolamide,Apalutamide
Acetohexamide,Quetiapine
Acetohydroxamic Acid,Rilpivirine
Acetophenazine,Thiotepa
Acetyl sulfisoxazole,Cloxazolam
Acetylcholine,Dacarbazine
Acetyldigitoxin,Amantadine
Acetylsalicylic acid,Oxybutynin
Acipimox,Levomefolic acid
Acitretin,Bedaquiline
Aclidinium,Ebastine
Acyclovir,Fluoxymesterone
Adapalene,Testosterone undecanoate
Adefovir Dipivoxil,Ixazomib
Adenine,Delavirdine
Adenosine,Levomilnacipran
Adinazolam,Indacaterol
Afatinib,Doxofylline
Agomelatine,Amyl Nitrite
Ajmaline,Debrisoquin
Albendazole,Formoterol
Alcaftadine,Risedronate
Alclofenac,Flubendazole
Alclometasone,Nintedanib
Alendronic acid,Methadyl Acetate
Alfacalcidol,Amsacrine
Alfentanil,Avanafil
Alfuzosin,Protocatechualdehyde
Alimemazine,Copper
Aliskiren,Homatropine
Alitretinoin,Tolterodine
Alizapride,Encainide
Allopurinol,Chlorpromazine
Allylestrenol,Dexfenfluramine
Almasilate,Sulfamethazine
Almotriptan,Astemizole
Alogliptin,Articaine
Aloglutamol,Sulfamerazine
Alosetron,Mianserin
Alprazolam,Flupentixol
Alprenolol,Omeprazole
Alprostadil,Efinaconazole
Altretamine,Ritonavir
Aluminium,Memantine
Aluminum hydroxide,Enoxacin
Alvimopan,Cyamemazine
Amantadine,Vinblastine
Ambenonium,Voxilaprevir
Ambrisentan,Clofarabine
Ambroxol,Pralatrexate
Amcinonide,Balsalazide
Amifostine,Propiverine
Amikacin,Ranolazine
Amiloride,Picosulfuric acid
Aminocaproic Acid,Famotidine
Aminoglutethimide,Cilostazol
Aminohippuric acid,Pentaerythritol Tetranitrate
Aminolevulinic acid,Tobramycin
Aminophenazone,Alprenolol
Aminophylline,Lacosamide
Aminosalicylic Acid,Cyclophosphamide
Amiodarone,Etizolam
Amisulpride,Bromperidol
Amitriptyline,Epirizole
Amitriptylinoxide,Hexaminolevulinate
Amlodipine,Ifenprodil
Ammonium chloride,Etidronic acid
Amobarbital,Fluprednisolone
Amodiaquine,Fentanyl
Amorolfine,Quinagolide
Amoxapine,Thiothixene
Amoxicillin,Quazepam
Amphetamine,Bazedoxifene
Amphotericin B,Sofosbuvir
Ampicillin,Paliperidone
Amprenavir,Fosinopril
Amrinone,Mesoridazine
Amrubicin,Liothyronine
Amsacrine,Phenylbutazone
Amyl Nitrite,Fluorouracil
Anagrelide,Fenoprofen
Anastrozole,Aprepitant
Angiotensin II,Azelaic Acid
Anidulafungin,Dipyridamole
Anisotropine Methylbromide,Felbamate
Antazoline,Levonordefrin
Antipyrine,Ajmaline
Antrafenine,Iron
Apalutamide,Uracil mustard
Apixaban,Diazoxide
Apomorphine,Cilastatin
Apraclonidine,Rotigotine
Apremilast,Benzocaine
Aprepitant,Aliskiren
Aprindine,Mequitazine
Aprobarbital,Clobetasol
Aranidipine,Phenoxymethylpenicillin
Arbekacin,Cyclothiazide
Arbutamine,Isavuconazonium
Arformoterol,Magnesium hydroxide
Argatroban,Carprofen
Aripiprazole,Acebutolol
Armodafinil,Nitroglycerin
Arsenic trioxide,Flunarizine
Artemether,Latanoprost
Artemotil,Sulfadimethoxine
Artenimol,Pemetrexed
Artesunate,Dipotassium phosphate
Articaine,Flavoxate
Asenapine,Phenoxyethanol
Astemizole,Desvenlafaxine
Asunaprevir,Iopamidol
Atazanavir,Tretinoin
Atenolol,Dicoumarol
Atomoxetine,Mycophenolic acid
Atorvastatin,Benzyl alcohol
Atosiban,Ethynodiol diacetate
Atovaquone,Perospirone
Atracurium besylate,Methylphenobarbital
Atropine,Glipizide
Avanafil,Trichloroethylene
Avatrombopag,Suramin
Avibactam,Norelgestromin
Axitinib,Nitroprusside
Azacitidine,Donepezil
Azatadine,Asunaprevir
Azathioprine,Nilvadipine
Azelaic Acid,Degarelix
Azelastine,Trabectedin
Azelnidipine,Dicloxacillin
Azidocillin,Phendimetrazine
Azilsartan medoxomil,Bambuterol
Azithromycin,Dienogest
Azlocillin,Raloxifene
Aztreonam,Ticlopidine
Bacampicillin,Levosalbutamol
Bacitracin,Hydrocodone
Baclofen,Estradiol valerate
Balsalazide,Brompheniramine
Bambuterol,Sumatriptan
Baricitinib,Plicamycin
Barnidipine,Ampicillin
Bazedoxifene,Amifostine
Beclomethasone dipropionate,Disopyramide
Bedaquiline,Methdilazine
Belinostat,Vigabatrin
Benazepril,Solifenacin
Bendamustine,Pamidronate
Bendroflumethiazide,Droperidol
Benidipine,Carbenicillin
Benperidol,Polaprezinc
Benzatropine,Diclofenac
Benzocaine,Perampanel
Benzoctamine,Metixene
Benzoic Acid,Dinoprostone
Benzphetamine,Plazomicin
Benzthiazide,Metformin
Benzydamine,Phenacemide
Benzyl alcohol,Zoledronic acid
Benzylpenicillin,Phenoxybenzamine
Benzylpenicilloyl Polylysine,Pantoprazole
Bepotastine,Butalbital
Bepridil,Tipiracil
Besifloxacin,Alendronic acid
Betahistine,Phentolamine
Betamethasone,Dolasetron
Betaxolol,Hydroxyprogesterone caproate
Bethanechol,Clofazimine
Bethanidine,Amitriptyline
Betrixaban,Aminolevulinic acid
Bevantolol,Clobetasone
Bexarotene,Apremilast
Bezafibrate,Minaprine
Bicalutamide,Copanlisib
Bictegravir,Amrubicin
Bifonazole,Clodronic Acid
Bimatoprost,Vinorelbine
Biperiden,Ciprofibrate
Bisacodyl,Butylscopolamine
Bismuth Subcitrate,Sodium glycerophosphate
Bismuth subnitrate,Sodium stibogluconate
Bismuth Subsalicylate,Loteprednol
Bisoprolol,Pentazocine
Bivalirudin,Alfuzosin
Bleomycin,Ibuprofen
Blonanserin,Pivmecillinam
Boceprevir,Emedastine
Bopindolol,Phenmetrazine
Bortezomib,Allylestrenol
Bosentan,Choline C 11
Bosutinib,Bethanidine
Bretylium,Amlodipine
Brexpiprazole,Dopexamine
Brigatinib,Lycopene
Brimonidine,Mefloquine
Brinzolamide,Magnesium sulfate
Brivaracetam,Oxybuprocaine
Bromazepam,Lofexidine
Bromfenac,Ropinirole
Bromocriptine,Cyclandelate
Bromodiphenhydramine,Rivastigmine
Bromopride,Pirenzepine
Bromperidol,Methyl aminolevulinate
Brompheniramine,Metocurine Iodide
Brotizolam,Anisotropine Methylbromide
Buclizine,Trolamine salicylate
Budesonide,Bretylium
Bufexamac,Sulfathiazole
Bumetanide,Sulfinpyrazone
Bupivacaine,Antipyrine
Bupranolol,Dobutamine
Buprenorphine,Hydrocortisone
Bupropion,Acetyl sulfisoxazole
Buspirone,Hydroxyzine
Busulfan,Adinazolam
Butabarbital,Deferasirox
Butalbital,Sugammadex
Butamben,Pimavanserin
Butenafine,Ospemifene
Butethal,Calcium glubionate
Butoconazole,Milnacipran
Butorphanol,Dextropropoxyphene
Butriptyline,Hyoscyamine
Butylscopolamine,Cefixime
Cabazitaxel,Technetium Tc-99m medronate
Cabergoline,Nepafenac
Cabozantinib,Pheniramine
Caffeine,Gestrinone
Calcidiol,Ethinyl Estradiol
Calcipotriol,Agomelatine
Calcitriol,Ergotamine
Calcium Acetate,Tolmetin
Calcium carbimide,Carfilzomib
Calcium Carbonate,Pefloxacin
Calcium Chloride,Sucralfate
Calcium Citrate,Cefpirome
Calcium glubionate,Levamisole
Calcium gluconate,Oritavancin
Calcium lactate,Chloroxylenol
Calcium levulinate,Sulfameter
Calcium Phosphate,Meropenem
Camazepam,Nitrofural
Canagliflozin,Propiomazine
Candesartan cilexetil,Roflumilast
Cangrelor,Apraclonidine
Cannabidiol,Norgestimate
Canrenoic acid,Oxyphenonium
Capecitabine,Levocetirizine
Capreomycin,Tranilast
Capsaicin,Tiludronic acid
Captodiame,Trospium
Captopril,Azelnidipine
Carbachol,Arsenic trioxide
Carbamazepine,Miglustat
Carbenicillin,Sitagliptin
Carbenicillin indanyl,Cephaloglycin
Carbetocin,Metolazone
Carbidopa,Medroxyprogesterone acetate
Carbimazole,Valproic Acid
Carbinoxamine,Terbinafine
Carboplatin,Tiotropium
Carboprost Tromethamine,Azithromycin
Carfilzomib,Roxatidine acetate
Cariprazine,Chlormezanone
Carisoprodol,Ibutilide
Carmustine,Valdecoxib
Carprofen,Caspofungin
Carteolol,Ketoconazole
Carvedilol,Cannabidiol
Caspofungin,Sulfamethoxazole
Cefacetrile,Acitretin
Cefaclor,Pancuronium
Cefadroxil,Bictegravir
Cefalotin,Pazopanib
Cefamandole,Desoximetasone
Cefapirin,Piperaquine
Cefazolin,Clocortolone
Cefdinir,Lapatinib
Cefditoren,Yohimbine
Cefepime,Eltrombopag
Cefixime,Mifamurtide
Cefmenoxime,Naftifine
Cefmetazole,Naproxen
Cefminox,Norethynodrel
Cefonicid,Flurandrenolide
Cefoperazone,Rimexolone
Ceforanide,Roxithromycin
Cefotaxime,Trazodone
Cefotetan,Clobetasol propionate
Cefotiam,Dosulepin
Cefoxitin,Prednicarbate
Cefpiramide,Moxifloxacin
Cefpodoxime,Isotretinoin
Cefprozil,Dihydro-alpha-ergocryptine
Cefradine,Fluocortolone
Ceftaroline fosamil,Terazosin
Ceftazidime,Haloperidol
Ceftibuten,Alitretinoin
Ceftizoxime,Difluprednate
Ceftobiprole,Triprolidine
Ceftriaxone,Tasosartan
Cefuroxime,Velpatasvir
Celecoxib,Atomoxetine
Celiprolol,Perazine
Cephalexin,Nateglinide
Cephaloglycin,Methotrexate
Cephaloridine,Glycopyrronium
Ceritinib,Nomegestrol acetate
Cerivastatin,Ciprofloxacin
Cerulenin,Imiquimod
Cetirizine,Edetic Acid
Cevimeline,Nefazodone
Chenodeoxycholic acid,Carboprost Tromethamine
Chloral hydrate,Nilutamide
Chlorambucil,Leflunomide
Chloramphenicol,Telithromycin
Chlorcyclizine,Ethanolamine Oleate
Chlordiazepoxide,Bortezomib
Chlormezanone,Vindesine
Chloroprocaine,Nifedipine
Chloropyramine,Cinitapride
Chloroquine,Hydromorphone
Chlorothiazide,Palbociclib
Chloroxine,Nebivolol
Chloroxylenol,L-Carnitine
Chlorphenamine,Valbenazine
Chlorphenesin,Gentamicin
Chlorpromazine,Nelfinavir
Chlorpropamide,Cobimetinib
Chlorprothixene,Nadolol
Chlortetracycline,Glycerin
Chlorthalidone,Aceclofenac
Chlorzoxazone,Tirofiban
Cholecalciferol,Carbamazepine
Cholesterol,Tolperisone
Cholic Acid,Sodium oxybate
Choline,Tipranavir
Choline magnesium trisalicylate,Linezolid
Ciclesonide,Raltitrexed
Ciclopirox,Benidipine
Cidofovir,Ditazole
Cilastatin,Tofisopam
Cilazapril,Pregnenolone
Cilnidipine,Oxacillin
Cilostazol,Melatonin
Cimetidine,Risperidone
Cinacalcet,Ambroxol
Cinchocaine,Diphenhydramine
Cinitapride,Ritodrine
Cinnarizine,Tolazamide
Cinolazepam,Methimazole
Cinoxacin,Isavuconazole
Ciprofibrate,Benzylpenicilloyl Polylysine
Ciprofloxacin,Posaconazole
Cisapride,Vincristine
Cisatracurium,Miglitol
Cisplatin,Salmeterol
Citalopram,Verapamil
Citric Acid,Theobromine
Cladribine,Limaprost
Clarithromycin,Irbesartan
Clavulanate,Isoconazole
Clemastine,Acetylsalicylic acid
Clenbuterol,Rizatriptan
Clevidipine,Entacapone
Clidinium,Tavaborole
Clindamycin,Gabapentin
Clobazam,Potassium Citrate
Clobetasol,Pixantrone
Clobetasol propionate,Brinzolamide
Clobetasone,Pyrvinium
Clocortolone,Tubocurarine
Clodronic Acid,Sirolimus
Clofarabine,Heroin
Clofazimine,Pyrantel
Clofedanol,Talniflumate
Clofibrate,Duloxetine
Clomifene,Pyrazinamide
Clomipramine,Penbutolol
Clomocycline,Flecainide
Clonazepam,Cortisone acetate
Clonidine,Pioglitazone
Clonixin,Bismuth Subsalicylate
Clopidogrel,Trimetrexate
Clorazepate,Oxymorphone
Clotiazepam,Carisoprodol
Clotrimazole,Celecoxib
Cloxacillin,Delamanid
Cloxazolam,Letermovir
Clozapine,Iloprost
Cobicistat,Cefditoren
Cobimetinib,Gabapentin Enacarbil
Cocaine,Eszopiclone
Codeine,Floctafenine
Colchicine,Pirlindole
Colistimethate,Dexchlorpheniramine maleate
Colistin,Eluxadoline
Conivaptan,Piretanide
Copanlisib,Kaolin
Corticorelin ovine triflutate,Cysteamine
Cortisone acetate,Phenelzine
Crisaborole,Pizotifen
Crizotinib,Nizatidine
Curcumin,Stepronin
Cyamemazine,Aclidinium
Cyanocobalamin,Midazolam
Cyclacillin,Tamsulosin
Cyclandelate,Morniflumate
Cyclizine,Doconexent
Cyclobenzaprine,Tadalafil
Cyclopentolate,Bisoprolol
Cyclophosphamide,Metoclopramide
Cycloserine,Piroxicam
Cyclosporine,Rivaroxaban
Cyclothiazide,Tramadol
Cyproheptadine,Clozapine
Cyproterone acetate,Tedizolid Phosphate
Cysteamine,Imipenem
Cytarabine,Estrone sulfate
Dabigatran etexilate,Travoprost
Dabrafenib,Bilastine
Dacarbazine,Modafinil
Daclatasvir,Pibrentasvir
Dactinomycin,Dapsone
Dalfopristin,Magnesium carbonate
Danazol,Naratriptan
Dantrolene,Patent Blue
Dapagliflozin,Sodium phosphate
Dapiprazole,Tiaprofenic acid
Dapsone,Masoprocol
Daptomycin,Edoxaban
Darifenacin,Moexipril
Darunavir,Dihydrotachysterol
Dasabuvir,Leucovorin
Dasatinib,Phentermine
Daunorubicin,Phenytoin
Debrisoquin,Tropisetron
Decamethonium,Aluminum hydroxide
Decitabine,Doxercalciferol
Deferasirox,Ubidecarenone
Deferiprone,Isoetarine
Deferoxamine,Haloprogin
Deflazacort,Trilostane
Degarelix,Tolazoline
Delamanid,Pentostatin
Delavirdine,Enalapril
Delorazepam,Tegaserod
Demecarium,Nitrendipine
Demeclocycline,Dihydrocodeine
Deoxycholic Acid,Guanabenz
Deserpidine,Ponatinib
Desflurane,Cilnidipine
Desipramine,Midecamycin
Deslanoside,Chenodeoxycholic acid
Desloratadine,Halothane
Desmopressin,Dabigatran etexilate
Desogestrel,Nimesulide
Desonide,Lactulose
Desoximetasone,Pasireotide
Desoxycorticosterone acetate,Misoprostol
Desvenlafaxine,Fenoldopam
Deutetrabenazine,Mequinol
Dexamethasone,Dexmedetomidine
Dexbrompheniramine,Quinidine
Dexchlorpheniramine maleate,Cefepime
Dexfenfluramine,Pinaverium
Dexibuprofen,Tetracosactide
Dexketoprofen,Procaine benzylpenicillin
Dexlansoprazole,Dyclonine
Dexmedetomidine,Ethylmorphine
Dexmethylphenidate,Bimatoprost
Dexrazoxane,Icosapent ethyl
Dextroamphetamine,Meprobamate
Dextromethorphan,Maprotiline
Dextropropoxyphene,Fluvastatin
Dextrothyroxine,Terbutaline
Dezocine,Eprosartan
Diatrizoate,Olopatadine
Diazepam,Succinylcholine
Diazoxide,Rupatadine
Dichloralphenazone,Piperazine
Diclofenac,Linagliptin
Diclofenamide,Nabiximols
Dicloxacillin,Mirtazapine
Dicoumarol,Mycophenolate mofetil
Dicyclomine,Clofibrate
Didanosine,Gefitinib
Dienestrol,Osimertinib
Dienogest,Fluciclovine (18F)
Diethylcarbamazine,Captopril
Diethylpropion,Zaleplon
Diethylstilbestrol,Nabumetone
Difenoxin,Remoxipride
Diflorasone,Desipramine
Diflunisal,Kanamycin
Difluocortolone,Mitomycin
Difluprednate,Gemeprost
Digitoxin,Methylene blue
Digoxin,Zidovudine
Dihydralazine,Loracarbef
Dihydro-alpha-ergocryptine,Valganciclovir
Dihydrocodeine,Vernakalant
Dihydroergocornine,Ganciclovir
Dihydroergocristine,Silver sulfadiazine
Dihydroergotamine,Etofenamate
Dihydrotachysterol,Ketazolam
Diltiazem,Citric Acid
Dimenhydrinate,Clorazepate
Dimercaprol,Dinoprost
Dimetacrine,Dicyclomine
Dimethyl sulfoxide,Macitentan
Dimetindene,Ammonium chloride
Dimetotiazine,Alvimopan
Dinoprost Tromethamine,Felodipine
Dinoprostone,Ethosuximide
Diphenhydramine,Prasterone
Diphenoxylate,Triamcinolone
Diphenylpyraline,Vinflunine
Dipivefrin,Levofloxacin
Dipotassium phosphate,Cefpodoxime
Dipyridamole,Dextromethorphan
Dirithromycin,Retapamulin
Disopyramide,Suprofen
Disulfiram,Chloramphenicol
Ditazole,Propantheline
DL-Methylephedrine,Valaciclovir
Dobutamine,Decamethonium
Docetaxel,Pseudoephedrine
Doconexent,Clenbuterol
Dofetilide,Demegestone
Dolasetron,Sertaconazole
Dolutegravir,Norepinephrine
Domperidone,Vitamin C
Donepezil,Pipecuronium
Dopamine,Flurazepam
Dorzolamide,Furosemide
Dosulepin,Camazepam
Doxacurium chloride,Lacidipine
Doxapram,Acarbose
Doxazosin,Silodosin
Doxepin,Tezacaftor
Doxercalciferol,Levosimendan
Doxofylline,Deferiprone
Doxorubicin,Praziquantel
Doxycycline,Pimecrolimus
Doxylamine,Cangrelor
Dronabinol,Deslanoside
Dronedarone,Propericiazine
Droperidol,Gemifloxacin
Drospirenone,Toloxatone
Droxidopa,Nordazepam
Duloxetine,Fluconazole
Dutasteride,Midostaurin
Dyclonine,Cerivastatin
Dydrogesterone,Sevoflurane
Dyphylline,Eplerenone
Ebastine,Decitabine
Ecabet,Etomidate
Echothiophate,Podofilox
Econazole,Elbasvir
Edetic Acid,Caffeine
Edoxaban,Carbocisteine
Edrophonium,Cholecalciferol
Efavirenz,Remifentanil
Efinaconazole,Polymyxin B Sulfate
Eflornithine,Lormetazepam
Efonidipine,Mezlocillin
Elbasvir,Iodixanol
Eletriptan,Pentosan Polysulfate
Eliglustat,Regadenoson
Eltrombopag,Propoxycaine
Eluxadoline,Ceftriaxone
Elvitegravir,Alectinib
Emedastine,Ruxolitinib
Empagliflozin,Lincomycin
Emtricitabine,Trichlormethiazide
Enalapril,Alogliptin
Enalaprilat,Cefminox
Enasidenib,Methacycline
Encainide,Timolol
Enflurane,Dimetacrine
Enoxacin,Docetaxel
Entacapone,Galantamine
Entecavir,Gadobenic acid
Enviomycin,Cyclopentolate
Enzalutamide,Tritoqualine
Eperisone,Biperiden
Ephedrine,Calcium levulinate
Epinastine,Butenafine
Epinephrine,Barnidipine
Epirizole,Tropicamide
Epirubicin,Ondansetron
Eplerenone,Remikiren
Epoprostenol,Levobunolol
Eprosartan,Chlorthalidone
Equilin,Lanthanum carbonate
Ergocalciferol,Estradiol
Ergonovine,Amphetamine
Ergotamine,Amprenavir
Eribulin,Pemirolast
Erlotinib,Desflurane
Ertapenem,Niflumic Acid
Ertugliflozin,Trametinib
Erythrityl Tetranitrate,Floxuridine
Erythromycin,Gestodene
Escitalopram,Lesinurad
Eslicarbazepine acetate,Technetium Tc-99m sestamibi
Esmolol,Testosterone enanthate
Esomeprazole,Hexobarbital
Estazolam,Acetazolamide
Estradiol,Nimodipine
Estradiol acetate,Choline salicylate
Estradiol benzoate,Lactic Acid
Estradiol cypionate,Trimetazidine
Estradiol dienanthate,Delafloxacin
Estradiol valerate,Oxitriptan
Estramustine,Eperisone
Estriol,Minocycline
Estrone,Dihydroergocristine
Estrone sulfate,Pramipexole
Eszopiclone,Mifepristone
Etacrynic acid,Ipratropium bromide
Etafedrine,Ioversol
Ethambutol,Parthenolide
Ethanol,Bupivacaine
Ethchlorvynol,Etonogestrel
Ethinyl Estradiol,Propranolol
Ethionamide,Oxycodone
Ethopropazine,Citalopram
Ethosuximide,Doxorubicin
Ethotoin,Econazole
Ethyl chloride,Moxidectin
Ethyl loflazepate,Umeclidinium
Ethylmorphine,Methyprylon
Ethynodiol diacetate,Fesoterodine
Etidocaine,Procyclidine
Etidronic acid,Celiprolol
Etizolam,Tazarotene
Etodolac,Tioconazole
Etofenamate,Trihexyphenidyl
Etofibrate,Bromotheophylline
Etomidate,Olsalazine
Etonogestrel,Magnesium salicylate
Etoposide,Eletriptan
Etoricoxib,Almasilate
Etravirine,Mannitol
Everolimus,Methazolamide
Exemestane,Guanfacine
Ezetimibe,Ergocalciferol
Ezogabine,Fexofenadine
Famciclovir,Vemurafenib
Famotidine,Loperamide
Felbamate,Dutasteride
Felodipine,Disulfiram
Felypressin,Lovastatin
Fenbufen,Mersalyl
Fencamfamine,Methylphenidate
Fenfluramine,Tolbutamide
Fenofibrate,Methoxsalen
Fenoldopam,Zolpidem
Fenoprofen,Gliclazide
Fenoterol,Benzthiazide
Fentanyl,Dasabuvir
Ferumoxytol,Butamben
Fesoterodine,Pentolinium
Fexofenadine,Rabeprazole
Fidaxomicin,Phenindamine
Fimasartan,Ethionamide
Finafloxacin,Oxytetracycline
Finasteride,Amphotericin B
Fingolimod,Tripelennamine
Flavoxate,Fosnetupitant
Flecainide,Amrinone
Fleroxacin,Pregabalin
Flibanserin,Dexbrompheniramine
Floctafenine,Isosorbide
Floxuridine,Loxoprofen
Flubendazole,Canrenoic acid
Flucloxacillin,Resveratrol
Fluconazole,Desogestrel
Flucytosine,Rolapitant
Fludarabine,Ramelteon
Fludiazepam,Amoxicillin
Fludrocortisone,Ezetimibe
Fluindione,Stavudine
Flumazenil,Menthol
Flumethasone,Flibanserin
Flunarizine,Triflupromazine
Flunisolide,Estradiol cypionate
Flunitrazepam,Dexmethylphenidate
Fluocinolone Acetonide,Topotecan
Fluocinonide,Acetaminophen
Fluocortolone,Naltrexone
Fluorometholone,Clonixin
Fluorouracil,Vorinostat
Fluoxetine,Digitoxin
Fluoxymesterone,Sulfadiazine
Flupentixol,Methyclothiazide
Fluphenazine,Alfentanil
Fluprednisolone,Cefoxitin
Flurandrenolide,Imatinib
Flurazepam,Mitotane
Flurbiprofen,Cilazapril
Fluspirilene,Moricizine
Flutamide,Apomorphine
Fluticasone,Obeticholic acid
Fluticasone furoate,Bromodiphenhydramine
Fluticasone propionate,Canagliflozin
Fluvastatin,Dapagliflozin
Fluvoxamine,Dienestrol
Folic Acid,Diethylstilbestrol
Fomepizole,Azilsartan medoxomil
Fondaparinux sodium,Repaglinide
Formaldehyde,Oxaliplatin
Formestane,Diphenylpyraline
Formoterol,Clobazam
Fosamprenavir,Fluocinonide
Fosaprepitant,Allopurinol
Foscarnet,Itraconazole
Fosfomycin,Griseofulvin
Fosinopril,Nicardipine
Fosnetupitant,Bisacodyl
Fosphenytoin,Tixocortol
Fospropofol,Sodium aurothiomalate
Fostamatinib,Besifloxacin
Framycetin,Propafenone
Frovatriptan,Romidepsin
Fulvestrant,Sibutramine
Furazolidone,Nalbuphine
Furosemide,Indinavir
Fusafungine,Bethanechol
Fusidic Acid,Xanthinol
Gabapentin,Pipotiazine
Gabapentin Enacarbil,Ketotifen
Gadobenic acid,Tolnaftate
Gadoteric acid,Artenimol
Gadoxetic acid,Dimetindene
Galantamine,Bosentan
Gallamine Triethiodide,Olanzapine
Gallium nitrate,Enflurane
Gamma Hydroxybutyric Acid,Doxazosin
Ganciclovir,Ketamine
Gatifloxacin,Nicotine
Gefitinib,Teriflunomide
Gemcitabine,Pentamidine
Gemeprost,Carbachol
Gemfibrozil,Metipranolol
Gemifloxacin,Doxycycline
Gentamicin,Suvorexant
Gestodene,Rosoxacin
Gestrinone,Fludarabine
Gliclazide,Imidafenacin
Glimepiride,Doxepin
Glipizide,Zalcitabine
Gliquidone,Lisdexamfetamine
Glucosamine,Ulobetasol
Glutamic Acid,Methylergometrine
Glutethimide,Aprindine
Glyburide,Carbinoxamine
Glycerol Phenylbutyrate,Clofedanol
Glycine,Triazolam
Glycopyrronium,Dantrolene
Gonadorelin,Pravastatin
Goserelin,Acemetacin
Gramicidin D,Apixaban
Granisetron,Busulfan
Grazoprevir,Iohexol
Grepafloxacin,Prasugrel
Griseofulvin,Cisapride
Guanabenz,Levomethadyl Acetate
Guanadrel,Butriptyline
Guanethidine,Sulfamoxole
Guanfacine,Chlorzoxazone
Halazepam,Zopiclone
Halcinonide,Dinoprost Tromethamine
Halofantrine,Armodafinil
Haloperidol,Isoflurane
Haloprogin,Stanozolol
Halothane,Nisoldipine
Heptabarbital,Calcium gluconate
Heroin,Lomustine
Hexafluronium,Cinacalcet
Hexetidine,Tafenoquine
Hexobarbital,Calcium Citrate
Hexoprenaline,Hydroxychloroquine
Hexylresorcinol,Piracetam
Histamine,Prilocaine
Histrelin,Tafluprost
Homatropine,Iodide I-131
Huperzine A,Lorazepam
Hydralazine,Chlorothiazide
Hydrochlorothiazide,Spiramycin
Hydrocodone,Alosetron
Hydrocortamate,Miltefosine
Hydrocortisone,Clotrimazole
Hydroflumethiazide,Halofantrine
Hydromorphone,Curcumin
Hydrotalcite,Opicapone
Hydroxyamphetamine,Cefoperazone
Hydroxychloroquine,Capecitabine
Hydroxyprogesterone caproate,Latanoprostene Bunod
Hydroxyurea,Bicalutamide
Hydroxyzine,Vilanterol
Hyoscyamine,Artemether
Ibandronate,Quinapril
Ibrutinib,Sapropterin
Ibudilast,Dapiprazole
Ibuprofen,Permethrin
Ibutilide,Icatibant
Icatibant,Fospropofol
Icosapent,Cyclosporine
Icosapent ethyl,Isothipendyl
Icotinib,Benznidazole
Idarubicin,Vilazodone
Idelalisib,Dolutegravir
Ifenprodil,DL-Methylephedrine
Ifosfamide,Fimasartan
Iloperidone,Scopolamine
Iloprost,Regorafenib
Imatinib,Ketobemidone
Imidafenacin,Azidocillin
Imipenem,Capsaicin
Imipramine,Crizotinib
Imiquimod,Methohexital
Indacaterol,Cyclizine
Indapamide,Fenofibric acid
Indinavir,Clomipramine
Indomethacin,Nafamostat
Iobenguane,Guanethidine
Ioflupane I-123,Arbutamine
Ipratropium bromide,Bufexamac
Irbesartan,Famciclovir
Irinotecan,Thymol
Iron,Rutin
Iron saccharate,Phenazopyridine
Isavuconazole,Streptozocin
Isavuconazonium,Prazosin
Isocarboxazid,Deferoxamine
Isoconazole,Methacholine
Isoetarine,Trimipramine
Isoflurane,Miconazole
Isoflurophate,Amiloride
Isometheptene,Terlipressin
Isoniazid,Clindamycin
Isoprenaline,Trimethadione
Isosorbide,Cefacetrile
Isosorbide Dinitrate,Quinupristin
Isosorbide Mononitrate,Clotiazepam
Isothipendyl,Betahistine
Isotretinoin,Chlordiazepoxide
Isoxsuprine,Tegafur-uracil
Isradipine,Etodolac
Itraconazole,Thalidomide
Ivabradine,Phensuximide
Ivacaftor,Pirbuterol
Ivermectin,Prucalopride
Ixabepilone,Acepromazine
Ixazomib,Ceftaroline fosamil
Josamycin,Fluocinolone Acetonide
Kanamycin,Idarubicin
Kaolin,Glucosamine
Ketamine,Dotatate gallium Ga-68
Ketazolam,Dimethyl sulfoxide
Ketobemidone,Sparfloxacin
Ketoconazole,Estramustine
Ketoprofen,Temazepam
Ketorolac,Paclitaxel
Ketotifen,Esomeprazole
Labetalol,Colchicine
Lacidipine,Cyclacillin
Lacosamide,Tiapride
Lamivudine,Perindopril
Lamotrigine,Dabrafenib
Lanreotide,Bevantolol
Lansoprazole,Primaquine
Lanthanum carbonate,Practolol
Lapatinib,Hydroxyamphetamine
Latamoxef,Fenfluramine
Latanoprost,Nicergoline
Latanoprostene Bunod,Nelarabine
L-Carnitine,Voglibose
Ledipasvir,Methylscopolamine bromide
Leflunomide,Elvitegravir
Lenalidomide,Isradipine
Lenvatinib,Oxcarbazepine
Lercanidipine,Sertraline
Lesinurad,Gimeracil
Letermovir,Podophyllin
Letrozole,Aminophenazone
Leucovorin,Enzalutamide
Levallorphan,Propofol
Levamisole,Luliconazole
Levetiracetam,Trimebutine
Levobetaxolol,Cefonicid
Levobunolol,Telmisartan
Levobupivacaine,Tetracycline
Levocabastine,Deflazacort
Levocetirizine,Acetophenazine
Levodopa,Pindolol
Levofloxacin,Estradiol benzoate
Levomethadyl Acetate,Atenolol
Levomilnacipran,Methenamine
Levonordefrin,Xylometazoline
Levonorgestrel,Triflusal
Levorphanol,Amikacin
Levosalbutamol,Diethylcarbamazine
Levosimendan,Irinotecan
Levothyroxine,Ofloxacin
L-Glutamine,Bromocriptine
Lidocaine,Salicylic acid
Limaprost,Bleomycin
Linagliptin,Antazoline
Lincomycin,Magnesium silicate
Linezolid,Naloxegol
Liothyronine,Diflunisal
Liotrix,Anastrozole
Lipoic Acid,Boceprevir
Lisdexamfetamine,Mephentermine
Lisinopril,Telaprevir
Lisuride,Empagliflozin
Lixisenatide,Carbenicillin indanyl
Lobeglitazone,Nedaplatin
Lodoxamide,Bopindolol
Lofexidine,Ethotoin
Lomefloxacin,Benzphetamine
Lomitapide,Protokylol
Lomustine,Valsartan
Loperamide,Gallamine Triethiodide
Lopinavir,Glycerol Phenylbutyrate
Loratadine,Telavancin
Lorazepam,Testosterone cypionate
Lorcaserin,Loxapine
Lormetazepam,Emtricitabine
Lornoxicam,Trovafloxacin
Lorpiprazole,Levoleucovorin
Losartan,Spironolactone
Loteprednol,Quinethazone
Lovastatin,Amitriptylinoxide
Loxapine,Procainamide
Loxoprofen,Cefazolin
L-Phenylalanine,Simvastatin
L-Tryptophan,Mestranol
Lubiprostone,Oxazepam
Lucanthone,Desloratadine
Luliconazole,Varenicline
Lumacaftor,Hydroxyurea
Lumefantrine,Unoprostone
Lumiracoxib,Polythiazide
Lurasidone,Ephedrine
Lymecycline,Tenoxicam
Lynestrenol,Trifluridine
Macimorelin,Trioxsalen
Macitentan,Adenosine
Mafenide,Levobetaxolol
Magaldrate,Dalfampridine
Magnesium carbonate,Cefdinir
Magnesium hydroxide,Glecaprevir
Magnesium oxide,Tranylcypromine
Magnesium salicylate,Furazolidone
Magnesium silicate,Hexylresorcinol
Magnesium sulfate,Lisuride
Magnesium Trisilicate,Oxamniquine
Malathion,Amorolfine
Manidipine,Benzylpenicillin
Mannitol,Anidulafungin
Maprotiline,Paricalcitol
Maraviroc,Dexketoprofen
Masoprocol,Estradiol acetate
Maxacalcitol,Ioflupane I-123
Mebendazole,Lamotrigine
Mebutamate,Pyridostigmine
Mecamylamine,Dihydroergocornine
Mechlorethamine,Brexpiprazole
Meclizine,Didanosine
Meclofenamic acid,Levobupivacaine
Medrogestone,Tioguanine
Medroxyprogesterone acetate,Rifaximin
Medrysone,Indomethacin
Mefenamic acid,Testosterone
Mefloquine,Anagrelide
Megestrol acetate,Aminosalicylic Acid
Melatonin,Troleandomycin
Meloxicam,Lanreotide
Melperone,Flucloxacillin
Melphalan,Mexiletine
Memantine,Naloxone
Menadione,Clarithromycin
Menthol,Josamycin
Mephentermine,Calcium Acetate
Mepivacaine,Rimonabant
Meprednisone,Ceftizoxime
Meprobamate,Milrinone
Mepyramine,Dihydralazine
Mequitazine,Paramethadione
Mercaptopurine,Histamine
Meropenem,Chloroxine
Mersalyl,Cefuroxime
Mesalazine,Ketorolac
Mesoridazine,Zonisamide
Mestranol,Calcium Phosphate
Metamizole,Dexibuprofen
Metaraminol,Butorphanol
Metaxalone,Amodiaquine
Metformin,Alclofenac
Methacholine,Bupranolol
Methacycline,Tiagabine
Methadone,Benzydamine
Methadyl Acetate,Acetylcholine
Methamphetamine,Artesunate
Methantheline,Letrozole
Methazolamide,Trandolapril
Methdilazine,Fluorometholone
Methenamine,Demecarium
Methimazole,Benzoic Acid
Methionine,Dihydroergotamine
Methocarbamol,Asenapine
Methohexital,Octreotide
Methotrexate,Acetohexamide
Methotrimeprazine,Frovatriptan
Methoxamine,Buspirone
Methoxsalen,Eribulin
Methoxyflurane,Ethanol
Methscopolamine,Cidofovir
Methsuximide,Ethchlorvynol
Methyclothiazide,Abacavir
Methyl aminolevulinate,Lansoprazole
Methyl salicylate,Cefprozil
Methyldopa,Cyclobenzaprine
Methylene blue,Azlocillin
Methylergometrine,Methyl salicylate
Methylnaltrexone,Physostigmine
Methylphenidate,Vandetanib
Methylphenobarbital,Melphalan
Methylprednisolone,Palonosetron
Methylscopolamine bromide,Ivabradine
Methyltestosterone,Deserpidine
Methyprylon,Icotinib
Methysergide,Bromfenac
Meticillin,Topiroxostat
Metipranolol,Sacubitril
Metixene,Phenprocoumon
Metoclopramide,Labetalol
Metocurine,Medrysone
Metocurine Iodide,Lopinavir
Metolazone,Norfloxacin
Metoprolol,Chloroquine
Metronidazole,Fluticasone propionate
Metyrapone,Orphenadrine
Metyrosine,Sulconazole
Mexiletine,Ibudilast
Mezlocillin,Chlorphenamine
Mianserin,Fencamfamine
Micafungin,Zotepine
Miconazole,Deutetrabenazine
Midazolam,Pitolisant
Midecamycin,Sulfacytine
Midodrine,Riociguat
Midostaurin,Isoxsuprine
Mifamurtide,Pipazethate
Mifepristone,Vecuronium
Miglitol,Voriconazole
Miglustat,Dronedarone
Milnacipran,Tolcapone
Milrinone,Etravirine
Miltefosine,Ramosetron
Minaprine,Gemfibrozil
Minocycline,Cephalexin
Minoxidil,Sodium Citrate
Mipomersen,Proparacaine
Mirabegron,Dimetotiazine
Mirtazapine,Selexipag
Misoprostol,Isosorbide Dinitrate
Mitiglinide,Dextroamphetamine
Mitomycin,Metamizole
Mitotane,Rosuvastatin
Mitoxantrone,Aranidipine
Mivacurium,Betaxolol
Moclobemide,Dopamine
Modafinil,Nystatin
Moexipril,Mitoxantrone
Molindone,Raltegravir
Molsidomine,Sulfaphenazole
Mometasone,Bifonazole
Montelukast,Ouabain
Moricizine,Conivaptan
Morniflumate,Diacerein
Morphine,Salsalate
Moxidectin,Temozolomide
Moxifloxacin,Protriptyline
Moxonidine,Bacampicillin
Mupirocin,Amiodarone
Mycophenolate mofetil,Fosphenytoin
Mycophenolic acid,Dorzolamide
Nabilone,Sorafenib
Nabiximols,Viloxazine
Nabumetone,Lenvatinib
Nadolol,Nylidrin
Nafamostat,Diethyltoluamide
Nafarelin,Tofacitinib
Nafcillin,Morphine
Naftifine,Amobarbital
Nalbuphine,Rapacuronium
Nalidixic Acid,Lurasidone
Nalmefene,Ethyl chloride
Naloxegol,Erythrityl Tetranitrate
Naloxone,Prednisolone
Naltrexone,Benazepril
Nandrolone decanoate,Phenylpropanolamine
Naphazoline,Nicorandil
Naproxen,Testosterone propionate
Naratriptan,Estazolam
Natamycin,Fosaprepitant
Nateglinide,Thiopental
Nebivolol,Thioproperazine
Nefazodone,Fostamatinib
Nelarabine,Hydrochlorothiazide
Nelfinavir,Nortriptyline
Neostigmine,Procarbazine
Nepafenac,Edrophonium
Neratinib,Temoporfin
Netilmicin,Ciclesonide
Netupitant,Capreomycin
Nevirapine,Deoxycholic Acid
Niacin,Diphenoxylate
Nicardipine,Sufentanil
Nicergoline,Ramipril
Niclosamide,Ambenonium
Nicorandil,Cloxacillin
Nicotinamide,Dimenhydrinate
Nicotine,Omacetaxine mepesuccinate
Nifedipine,Dexlansoprazole
Niflumic Acid,Oxtriphylline
Nilotinib,Butabarbital
Nilutamide,Olaparib
Nilvadipine,Potassium Chloride
Nimesulide,Antrafenine
Nimodipine,Ziprasidone
Nintedanib,Progabide
Nisoldipine,Thioridazine
Nitrazepam,Rolitetracycline
Nitrendipine,Pilocarpine
Nitric Oxide,Promazine
Nitrofural,Argatroban
Nitrofurantoin,Fosamprenavir
Nitroglycerin,Phenobarbital
Nitroprusside,Propacetamol
Nitrous acid,Gemcitabine
Nitrous oxide,Rilmenidine
Nitroxoline,Fluphenazine
Nizatidine,Saxagliptin
Nomegestrol,Epirubicin
Nonoxynol-9,Neostigmine
Norelgestromin,Potassium
Norepinephrine,Ticagrelor
Norethisterone,Enalaprilat
Norethynodrel,Cefotetan
Norfloxacin,Proguanil
Norflurane,Titanium dioxide
Norgestimate,Maraviroc
Norgestrel,Cefradine
Normethadone,Ioxilan
Nortriptyline,Arformoterol
Novobiocin,Perphenazine
Nylidrin,Chloral hydrate
Nystatin,Atorvastatin
Octreotide,Vorapaxar
Ofloxacin,Mephenytoin
Olanzapine,Vitamin E
Olaparib,Ertugliflozin
Olmesartan,Sulfasalazine
Olodaterol,Delorazepam
Olopatadine,Hexetidine
Olsalazine,Diethylpropion
Omacetaxine mepesuccinate,Reserpine
Ombitasvir,Cefalotin
Omeprazole,Fondaparinux sodium
Ondansetron,Terfenadine
Orciprenaline,Vapreotide
Oritavancin,Methocarbamol
Orlistat,Cabozantinib
Orphenadrine,Moclobemide
Oseltamivir,Dydrogesterone
Osimertinib,Ceforanide
Ospemifene,Meclizine
Ouabain,Pomalidomide
Oxacillin,Spirapril
Oxaliplatin,Atazanavir
Oxamniquine,Vortioxetine
Oxandrolone,Codeine
Oxaprozin,Ixabepilone
Oxazepam,Metocurine
Oxcarbazepine,Nevirapine
Oxetacaine,Bromopride
Oxiconazole,Ibrutinib
Oxitriptan,Riluzole
Oxprenolol,Zucapsaicin
Oxtriphylline,Betamethasone
Oxybuprocaine,Flunisolide
Oxybutynin,Ropivacaine
Oxycodone,Tizanidine
Oxymetazoline,Tinidazole
Oxymetholone,Nitrous acid
Oxymorphone,Manidipine
Oxyphenbutazone,Lomefloxacin
Oxyphenonium,Imipramine
Oxytetracycline,Everolimus
Paclitaxel,Bendroflumethiazide
Palbociclib,Semaglutide
Paliperidone,Calcipotriol
Palmitic Acid,Malathion
Palonosetron,Ridogrel
Pamidronate,Meclofenamic acid
Pancuronium,Flumethasone
Panobinostat,Molsidomine
Pantoprazole,Temsirolimus
Papaverine,Brivaracetam
Paraldehyde,Lenalidomide
Paramethadione,Dezocine
Paramethasone,Isocarboxazid
Parecoxib,Oxymetazoline
Pargyline,Bismuth subnitrate
Paricalcitol,Montelukast
Paritaprevir,Cefotaxime
Paromomycin,Cisplatin
Paroxetine,Ecabet
Parthenolide,Benzophenone
Pasireotide,Trimethaphan
Pazopanib,Diclofenamide
Pefloxacin,Trimethoprim
Pemetrexed,Demeclocycline
Pemirolast,Sevelamer
Penbutolol,Calcium lactate
Penicillamine,Framycetin
Pentaerythritol Tetranitrate,Oxprenolol
Pentamidine,Oxiconazole
Pentazocine,Methysergide
Pentobarbital,Zaltoprofen
Pentolinium,Fluticasone furoate
Pentosan Polysulfate,Etoposide
Pentostatin,Fingolimod
Pentoxifylline,Bezafibrate
Perampanel,Chloropyramine
Perazine,Ribavirin
Perflutren,Olodaterol
Pergolide,Bepridil
Perhexiline,Clonidine
Perindopril,Danazol
Permethrin,Metaxalone
Perospirone,Doxapram
Perphenazine,Methylprednisolone
Pethidine,Saquinavir
Phenacemide,Neratinib
Phenazopyridine,Benzatropine
Phendimetrazine,Tenofovir disoproxil
Phenelzine,Rifabutin
Phenformin,Erlotinib
Phenindamine,Cimetidine
Phenindione,Ibandronate
Pheniramine,Magaldrate
Phenmetrazine,Cisatracurium
Phenobarbital,Niclosamide
Phenoxybenzamine,Diazepam
Phenoxyethanol,Acyclovir
Phenoxymethylpenicillin,Zuclopenthixol
Phenprocoumon,Clonazepam
Phensuximide,Atracurium besylate
Phentermine,Progesterone
Phentolamine,Orlistat
Phenyl aminosalicylate,Echothiophate
Phenylacetic acid,Tranexamic Acid
Phenylbutazone,Paritaprevir
Phenylbutyric acid,Corticorelin ovine triflutate
Phenylephrine,Aminophylline
Phenylpropanolamine,Fluoxetine
Phenytoin,Mesalazine
Pholcodine,Carboplatin
Phylloquinone,Daunorubicin
Physostigmine,Calcitriol
Picosulfuric acid,Mipomersen
Pilocarpine,Abiraterone
Pimecrolimus,Phenindione
Pimozide,Daclatasvir
Pinacidil,Probenecid
Pinaverium,Dactinomycin
Pindolol,Sertindole
Pioglitazone,Macimorelin
Pipamperone,Propylthiouracil
Pipazethate,Droxidopa
Pipecuronium,Fludrocortisone
Piperacillin,Fenbufen
Piperaquine,Calcium carbimide
Piperazine,Bosutinib
Pipobroman,Dasatinib
Pipotiazine,Aluminium
Pirbuterol,Mometasone
Pirenzepine,Lorpiprazole
Piretanide,Tacrine
Pirfenidone,Clidinium
Piritramide,Penicillamine
Pirlindole,Meticillin
Piroxicam,Mirabegron
Pitavastatin,Buclizine
Pitolisant,Azacitidine
Pivampicillin,Nabilone
Pivmecillinam,Oxetacaine
Pixantrone,Amisulpride
Pizotifen,Fludiazepam
Plazomicin,Flumazenil
Podofilox,Lumacaftor
Polymyxin B Sulfate,Rifampicin
Polythiazide,Diflorasone
Pomalidomide,Bepotastine
Ponatinib,Methantheline
Posaconazole,Calcidiol
Potassium,Desoxycorticosterone acetate
Potassium Chloride,Nitroxoline
Potassium Citrate,Mercaptopurine
Potassium Iodide,Potassium bicarbonate
Practolol,Desonide
Pralatrexate,Huperzine A
Pramipexole,Domperidone
Pramocaine,Cefamandole
Pranlukast,Cyproterone acetate
Prasterone,Tromethamine
Prasugrel,Pipamperone
Pravastatin,Estrone
Prazepam,Epinephrine
Praziquantel,Prazepam
Prazosin,Panobinostat
Prednicarbate,Brigatinib
Prednisolone,Netilmicin
Prednisone,Tapentadol
Pregabalin,Tianeptine
Pregnenolone,Carmustine
Prilocaine,Cerulenin
Primaquine,Axitinib
Primidone,Methyltestosterone
Probenecid,Fulvestrant
Probucol,Dalfopristin
Procainamide,Ivermectin
Procaine,Stiripentol
Procaine benzylpenicillin,Cefaclor
Procarbazine,Cinnarizine
Procaterol,Calcium Chloride
Prochlorperazine,Methadone
Procyclidine,Dyphylline
Progabide,Doxacurium chloride
Progesterone,Quinine
Proguanil,Baricitinib
Promazine,Nilotinib
Promethazine,Paramethasone
Propacetamol,Carbimazole
Propafenone,Minoxidil
Propantheline,Rifapentine
Proparacaine,Etofibrate
Propericiazine,Dirithromycin
Propiomazine,Idelalisib
Propiverine,Niraparib
Propofol,Ambrisentan
Propoxycaine,Cefapirin
Propranolol,Glyburide
Propylthiouracil,Triptorelin
Protocatechualdehyde,Adefovir Dipivoxil
Protokylol,Dipivefrin
Protriptyline,Ximelagatran
Prucalopride,Papaverine
Prussian blue,Lubiprostone
Pseudoephedrine,Nafcillin
Pyrantel,Febuxostat
Pyrazinamide,Warfarin
Pyridostigmine,Ezogabine
Pyridoxine,Alprazolam
Pyrimethamine,Megestrol acetate
Pyrvinium,Phenylbutyric acid
Quazepam,Hydralazine
Quetiapine,Esmolol
Quinacrine,Norgestrel
Quinagolide,Voacamine
Quinapril,Prednisone
Quinestrol,Rufinamide
Quinethazone,Amcinonide
Quinidine,Prochlorperazine
Quinine,Cabazitaxel
Quinupristin,Verteporfin
Rabeprazole,Abemaciclib
Raloxifene,Venlafaxine
Raltegravir,Phenylacetic acid
Raltitrexed,Lumiracoxib
Ramelteon,Bromazepam
Ramipril,Estriol
Ramosetron,Phylloquinone
Ranitidine,Ribostamycin
Ranolazine,Tibolone
Rasagiline,Calcium Carbonate
Reboxetine,Digoxin
Regorafenib,Thonzylamine
Remifentanil,Bexarotene
Remikiren,Sildenafil
Remoxipride,Pimozide
Repaglinide,Albendazole
Rescinnamine,Dexamethasone
Reserpine,Levonorgestrel
Resveratrol,Betrixaban
Retapamulin,Methamphetamine
Ribavirin,Ombitasvir
Ribociclib,Dimethyl fumarate
Riboflavin,Ergonovine
Ribostamycin,Thiabendazole
Ridogrel,Olmesartan
Rifabutin,Buprenorphine
Rifampicin,Nitrazepam
Rifapentine,Levetiracetam
Rifaximin,Lutetium Lu 177 dotatate
Rilmenidine,Dexrazoxane
Rilpivirine,Ethopropazine
Riluzole,Terconazole
Rimexolone,Reboxetine
Rimonabant,Aceprometazine
Riociguat,Tegafur
Risedronate,Dronabinol
Risperidone,Thiamylal
Ritodrine,Torasemide
Ritonavir,Indapamide
Rivaroxaban,Norflurane
Rivastigmine,Flutamide
Rizatriptan,Finasteride
Rocuronium,Secobarbital
Rofecoxib,Aripiprazole
Roflumilast,Aloglutamol
Rolapitant,Cefmenoxime
Rolitetracycline,Beclomethasone dipropionate
Romidepsin,Molindone
Ropinirole,Zileuton
Ropivacaine,Choline magnesium trisalicylate
Rosiglitazone,Escitalopram
Rosoxacin,Somatostatin
Rosuvastatin,Cariprazine
Rotigotine,Sulpiride
Roxatidine acetate,Orciprenaline
Roxithromycin,Cobicistat
Rucaparib,Taurolidine
Rufinamide,Etidocaine
Rupatadine,Aminoglutethimide
Ruxolitinib,Mepyramine
Sacubitril,Cefmetazole
Safinamide,Mecamylamine
Salbutamol,Teniposide
Salicylamide,Naphazoline
Salicylic acid,Almotriptan
Salmeterol,Exemestane
Salsalate,Procaine
Sapropterin,Treprostinil
Saquinavir,Carteolol
Saxagliptin,Rescinnamine
Scopolamine,Natamycin
Secobarbital,Tetrabenazine
Selegiline,Quinacrine
Selexipag,Doripenem
Seratrodast,Fleroxacin
Sertaconazole,Avatrombopag
Sertindole,Chlorprothixene
Sertraline,Venetoclax
Sevelamer,Lercanidipine
Sevoflurane,Methyldopa
Sibutramine,Rucaparib
Sildenafil,Nomegestrol
Silodosin,Melperone
Silver sulfadiazine,Levocabastine
Simeprevir,Doxylamine
Simvastatin,Fluvoxamine
Sirolimus,Hydroflumethiazide
Sitagliptin,Levodopa
Sitaxentan,Cyproheptadine
Sodium aurothiomalate,Triethylenetetramine
Sodium bicarbonate,Rasagiline
Sodium Citrate,Mafenide
Sodium glycerophosphate,Ceftibuten
Sodium oxybate,Lixisenatide
Sodium phosphate,Cephaloridine
Sodium stibogluconate,Mepivacaine
Sofosbuvir,Eslicarbazepine acetate
Solifenacin,Nicotinamide
Somatostatin,Fidaxomicin
Sonidegib,Nitrofurantoin
Sorafenib,Sotalol
Sotalol,Foscarnet
Sparfloxacin,Candesartan cilexetil
Spectinomycin,Mebendazole
Spiramycin,Butethal
Spirapril,Formestane
Spironolactone,Iloperidone
Stanozolol,Azathioprine
Stavudine,Pitavastatin
Stepronin,Ranitidine
Stiripentol,Lamivudine
Streptomycin,Lorcaserin
Streptozocin,Erythromycin
Strontium ranelate,Sultamicillin
Succimer,Chlorpropamide
Succinylcholine,Medrogestone
Sucralfate,Epoprostenol
Sufentanil,Lisinopril
Sugammadex,Tetracaine
Sulconazole,Atropine
Sulfacetamide,Normethadone
Sulfacytine,Halcinonide
Sulfadiazine,Rosiglitazone
Sulfadimethoxine,Ethyl loflazepate
Sulfadoxine,Fluticasone
Sulfamerazine,Lobeglitazone
Sulfameter,Pholcodine
Sulfamethazine,Metyrapone
Sulfamethizole,Gliquidone
Sulfamethoxazole,Bupropion
Sulfametopyrazine,Lomitapide
Sulfamoxole,Isometheptene
Sulfanilamide,Rofecoxib
Sulfaphenazole,Nalidixic Acid
Sulfapyridine,Ifosfamide
Sulfasalazine,Nandrolone decanoate
Sulfathiazole,Glutethimide
Sulfinpyrazone,Estradiol dienanthate
Sulfisoxazole,Sulindac
Sulindac,Tolvaptan
Sulpiride,Dofetilide
Sultamicillin,Alatrofloxacin
Sumatriptan,Fusidic Acid
Sunitinib,Alfacalcidol
Suprofen,Bumetanide
Suramin,Chlorphenesin
Suvorexant,Ribociclib
Tacrolimus,Arbekacin
Tadalafil,Carvedilol
Tafluprost,Hexoprenaline
Talbutal,Pirfenidone
Talniflumate,Ceftazidime
Tamoxifen,Triamterene
Tamsulosin,Isoflurophate
Tapentadol,Brotizolam
Tasimelteon,Atosiban
Tasosartan,Difluocortolone
Tavaborole,Colistimethate
Tazarotene,Ulipristal
Tazobactam,Acipimox
Technetium Tc-99m mebrofenin,Artemotil
Technetium Tc-99m medronate,Sulfametopyrazine
Technetium Tc-99m oxidronate,Sulfadoxine
Technetium Tc-99m sestamibi,Benzoyl peroxide
Tedizolid Phosphate,Chlortetracycline
Tegafur,Ticarcillin
Tegaserod,Pinacidil
Telaprevir,Halazepam
Telavancin,Carbetocin
Telithromycin,Lidocaine
Telmisartan,Selegiline
Temazepam,Amoxapine
Temozolomide,Netupitant
Temsirolimus,Brimonidine
Teniposide,Granisetron
Tenofovir disoproxil,Etoricoxib
Tenoxicam,Acetyldigitoxin
Terazosin,Clevidipine
Terbinafine,Streptomycin
Terbutaline,Etacrynic acid
Terconazole,Adapalene
Terfenadine,Acenocoumarol
Teriflunomide,Alcaftadine
Terlipressin,Paraldehyde
Testolactone,Cevimeline
Testosterone,Levorphanol
Testosterone cypionate,Novobiocin
Testosterone enanthate,Avibactam
Testosterone propionate,Iron saccharate
Testosterone undecanoate,Activated charcoal
Tetrabenazine,Alimemazine
Tetracaine,Maxacalcitol
Tetracosactide,Cyclopenthiazide
Tetracycline,Ciclopirox
Tetryzoline,Vancomycin
Tezacaftor,Gallium nitrate
Thalidomide,Methoxyflurane
Theobromine,Isoniazid
Theophylline,Meloxicam
Thiabendazole,Pentobarbital
Thiamylal,Clemastine
Thiopental,Ledipasvir
Thioproperazine,Hydrotalcite
Thioridazine,Cholic Acid
Thiotepa,Metyrosine
Thiothixene,Bismuth Subcitrate
Thymol,Tasimelteon
Tiagabine,Grepafloxacin
Tianeptine,Potassium Iodide
Tiapride,Latamoxef
Tiaprofenic acid,Nitric Oxide
Tibolone,Pranlukast
Ticagrelor,Procaterol
Ticarcillin,Niacin
Ticlopidine,Drospirenone
Tigecycline,Glimepiride
Tiludronic acid,Blonanserin
Timolol,Epinastine
Tinidazole,Darifenacin
Tioconazole,Zafirlukast
Tioguanine,Phenyl aminosalicylate
Tiotropium,Zolmitriptan
Tipiracil,Cefadroxil
Tipranavir,Cocaine
Tirofiban,Ivacaftor
Tixocortol,Aminohippuric acid
Tizanidine,Darunavir
Tobramycin,Metoprolol
Tofacitinib,Acrivastine
Tofisopam,Isoprenaline
Tolazamide,Mivacurium
Tolazoline,Sonidegib
Tolbutamide,Enasidenib
Tolcapone,Tolfenamic Acid
Tolfenamic Acid,Technetium Tc-99m oxidronate
Tolmetin,Paroxetine
Tolnaftate,Promethazine
Toloxatone,Pivampicillin
Tolperisone,Liotrix
Tolterodine,Levothyroxine
Tolvaptan,Pramocaine
Topiramate,Mefenamic acid
Topiroxostat,Sodium bicarbonate
Topotecan,Flunitrazepam
Torasemide,Diltiazem
Toremifene,Sunitinib
Trabectedin,Difenoxin
Tramadol,Norethisterone
Trametinib,Chlorcyclizine
Trandolapril,Salbutamol
Tranexamic Acid,Oxyphenbutazone
Tranilast,Methoxamine
Tranylcypromine,Flucytosine
Trapidil,Methylnaltrexone
Travoprost,Ketoprofen
Trazodone,Pergolide
Treprostinil,Alprostadil
Tretinoin,Micafungin
Triamcinolone,Piritramide
Triamterene,Trapidil
Triazolam,Alclometasone
Trichlormethiazide,Cytarabine
Trichloroethylene,Tesamorelin
Triethylenetetramine,Tetryzoline
Trifluoperazine,Rocuronium
Triflupromazine,Vardenafil
Trifluridine,Sulfisoxazole
Triflusal,Fenoterol
Trihexyphenidyl,Pentoxifylline
Trilostane,Safinamide
Trimebutine,Cholesterol
Trimethadione,Fluindione
Trimethaphan,Grazoprevir
Trimethobenzamide,Sitaxentan
Trimethoprim,Perflutren
Trimetrexate,Losartan
Trimipramine,Primidone
Tripelennamine,Oxymetholone
Triprolidine,Eliglustat
Triptorelin,Midodrine
Trolamine salicylate,Ceftobiprole
Troleandomycin,Lucanthone
Tromethamine,Trifluoperazine
Tropicamide,Fenofibrate
Trospium,Lynestrenol
Trovafloxacin,Efavirenz
Tubocurarine,Fluspirilene
Ubidecarenone,Ursodeoxycholic acid
Udenafil,Bendamustine
Ulipristal,Azatadine
Ulobetasol,Afatinib
Umeclidinium,Atovaquone
Unoprostone,Phenylephrine
Uracil mustard,Oxandrolone
Ursodeoxycholic acid,Clomifene
Valaciclovir,Mitiglinide
Valbenazine,Testolactone
Valdecoxib,Pramlintide
Valproic Acid,Seratrodast
Valrubicin,Theophylline
Valsartan,Quinestrol
Vancomycin,Metronidazole
Vandetanib,Cinchocaine
Vapreotide,Topiramate
Vardenafil,Paromomycin
Varenicline,Magnesium oxide
Vecuronium,Equilin
Velpatasvir,Iopromide
Vemurafenib,Lodoxamide
Venetoclax,Iodipamide
Venlafaxine,Oxaprozin
Verapamil,Simeprevir
Vernakalant,Benperidol
Verteporfin,Ceritinib
Vigabatrin,Vismodegib
Vilanterol,Mebeverine
Vilazodone,Moxonidine
Vildagliptin,Gamma Hydroxybutyric Acid
Vinblastine,Phenformin
Vincristine,Methotrimeprazine
Vindesine,Lornoxicam
Vinflunine,Mechlorethamine
Vinorelbine,Clopidogrel
Viomycin,Metaraminol
Vismodegib,Etafedrine
Vitamin A,Tacrolimus
Vitamin C,Cabergoline
Vitamin E,Pethidine
Voacamine,Nitrous oxide
Voglibose,Baclofen
Vorapaxar,Methscopolamine
Voriconazole,Vildagliptin
Vorinostat,Iobenguane
Vortioxetine,Strontium ranelate
Voxilaprevir,Radium Ra 223 Dichloride
Warfarin,Budesonide
Xanthinol,Palmitic Acid
Ximelagatran,Cetirizine
Xylometazoline,Guanadrel
Yohimbine,Pargyline
Zafirlukast,Histrelin
Zalcitabine,Isosorbide Mononitrate
Zaleplon,Udenafil
Zaltoprofen,Gatifloxacin
Zidovudine,Tamoxifen
Zileuton,Butoconazole
Zinc,Sulfanilamide
Ziprasidone,Flurbiprofen
Zoledronic acid,Toremifene
Zolmitriptan,Parecoxib
Zolpidem,Lumefantrine
Zonisamide,Loratadine
Zopiclone,Methsuximide
Zotepine,Piperacillin
Zucapsaicin,Belinostat
Zuclopenthixol,Magnesium Trisilicate
,Mebutamate
,Captodiame
,Benzoctamine
,Dimercaprol
,Lasofoxifene
,Selenium
,Gadoxetic acid
,Technetium Tc-99m mebrofenin
,Levomenol
,Sodium Chloride
,Naldemedine
,Nalorphine
,Pentoxyverine
,Zinc oxide
,Zinc sulfate
,Potassium alum
,Aluminum sulfate
,Aluminum oxide
,Thiosulfuric acid
,Zinc picolinate
,Chromium picolinate
,Benfotiamine
,Sodium feredetate
,Pentetic acid
,Gluconic Acid
,Tartaric acid
,Ferric sulfate
,Ferrous bisglycinate
,Perflubutane
,Ferrous sulfate
,Ferric cation
,Thiocolchicoside
,Mephenesin
,Sulbactam
,Temocillin
,Protionamide
,Ozenoxacin
,Reposal
